component,runs,mean_ms,median_ms,max_ms
face_detection,300,75.27699211107877,74.50268199318089,104.46354700252414
steer,300,0.020424023387022316,0.016971491277217865,0.09374000364914536
brake,300,0.04621290407764415,0.040740007534623146,0.23305200738832355
throttle,300,0.049685643364985786,0.04358298610895872,0.11290604015812278
