metric,runs_ok,mean_ms,median_ms,p95_ms,p99_ms,max_ms
open_ms,300,28.840917579994613,28.700183000182733,29.278934991452843,29.63940399058629,83.71992399042938
set_properties_ms,300,12.165927790241161,12.165752494183835,12.857452005846426,13.15434199932497,13.436224005999975
first_read_ms,300,1326.4439573967927,1326.276093495835,1329.2801180068636,1330.302873000619,1334.7560350084677
startup_total_ms,300,1367.499178360061,1367.2938159943442,1370.2145540009951,1371.430004001013,1427.823828998953
release_ms,300,212.4958392130308,212.68181100458605,214.42452499468345,215.13667599356268,215.52284099743702
