metric,runs_ok,mean_ms,median_ms,p95_ms,p99_ms,max_ms
model_load_ms,275,14.20520469546318,11.2599590793252,15.869957860559225,40.83725018426776,306.37937504798174
data_create_ms,275,1.0097028738395735,0.8084578439593315,1.4108330942690372,5.144875030964613,16.78512478247285
mj_forward_ms,275,0.06677924232049422,0.05945796146988869,0.09154202416539192,0.19004195928573608,0.47174980863928795
renderer_or_viewer_create_ms,275,325.12463209473276,312.06979183480144,387.36116606742144,693.5265408828855,888.7379160150886
first_render_or_sync_ms,275,0.06165847182273865,0.04620896652340889,0.122124794870615,0.3349161706864834,0.7274998351931572
startup_total_ms,275,340.6703427196904,324.6143329888582,401.56687470152974,741.6813750751317,1006.412667222321
close_ms,275,0.004363755949518897,0.0018747523427009583,0.012292061001062393,0.04516681656241417,0.14091609045863152
