model,warmup_ms,warmup_model_load_ms,warmup_after_model_load_ms,runs_ok,mean_ms,median_ms,p95_ms,p99_ms,max_ms
llama3.1:8b,5128.951810998842,4968.404554,160.54725699884239,300,241.38263578604287,239.46530290413648,261.9300461374223,279.3347090482712,291.5119018871337
llama3.1:70b,10998.63379704766,10241.968559,756.6652380476589,300,496.3216713652946,513.386883540079,533.4891430102289,543.8327000010759,663.490679115057
phi4:14b,3547.738804947585,3321.899667,225.83913794758473,300,351.4632450626232,382.82371137756854,397.14496210217476,404.0914820507169,410.5204939842224
