model,warmup_ms,runs_ok,mean_ms,median_ms,p95_ms,p99_ms,max_ms
llama3.1:8b,252.4704688694328,300,263.5739270558891,258.25191964395344,303.39487199671566,312.549282098189,321.6776729095727
llama3.1:70b,12209.807039937004,300,438.08596888013807,424.33007003273815,531.1087400186807,815.9601888619363,838.1621818989515
phi4,3685.4037600569427,300,211.15828070479134,178.35003696382046,395.5560210160911,399.6634630020708,409.588969778