model,warmup_ms,runs_ok,mean_ms,median_ms,p95_ms,p99_ms,max_ms
llama3.1:8b,5393.8254720997065,300,259.78648007148877,253.81089153233916,298.56002796441317,305.0703390035778,310.79777400009334
llama3.1:70b,11409.635771997273,300,437.26603879515704,424.6931524248794,527.9875549022108,812.1378049254417,844.8970238678157
phi4:14b,3719.2828280385584,300,212.48194043602174,179.42793399561197,394.8196910787374,406.23748512007296,407.5013929978013
